ontology ID,label,parent class,definition,definition cross reference,Comment,comment cross reference,editors note,exact synonym,broad synonym,narrow synonym,related synonym,in subset,cross reference,subclass axiom,creation date,created by
ID,AL rdfs:label@en,SC % SPLIT=|,AL IAO:0000115@en,>AI oboInOwl:hasDbXref SPLIT=|,AL rdfs:comment@en,>AI oboInOwl:hasDbXref SPLIT=|,AL IAO:0000116@en,AL oboInOwl:hasExactSynonym@en SPLIT=|,AL oboInOwl:hasBroadSynonym@en SPLIT=|,AL oboInOwl:hasNarrowSynonym@en SPLIT=|,AL oboInOwl:hasRelatedSynonym@en SPLIT=|,A oboInOwl:inSubset SPLIT=|,AI oboInOwl:hasDbXref SPLIT=|,SC % SPLIT=|,AT oboInOwl:creation_date^^xsd:dateTime,AI oboInOwl:created_by SPLIT=|
,,,,,,,,,,,,,,,,
ENVO:03501102,polytunnel,industrial building,A tunnel made from steel and covered in polyethylene used for plant cultivation.,ENVO,"These tunnels are usually semi-circular, square or elongated in shape. These are not subclasses of ENVO:tunnel as they are not built underground or underwater. ",,,polytunnel|polyhouse|hoop greenhouse|hoophouse|grow tunnel|high tunnel,,,,,,,2021-03-15T04:00:01.750Z,
,,,,,,,,,,,,,,,,
,,,,,,,,,,,,,,,,
,VEHICLE,,,,,,,,,,,,,,,
ENVO:03501103,ambulance,motor vehicle,A motor vehicle which is equipped with medical equipment and can be used to transport humans to treatment facilities.,https://en.wikipedia.org/wiki/Ambulance,,,,,,,,,,,2021-03-15T04:00:01.750Z,https://orcid.org/0000-0002-9578-0788
ENVO:03501104,recreational cruise ship,boat,A boat which provides short-term residential and entertainment facilities to passengers.,https://en.wikipedia.org/wiki/Cruise_ship,,,,,cruise ship,,,,,,2021-03-15T04:00:01.750Z,https://orcid.org/0000-0002-9578-0788
ENVO:03501325,transport boat,boat,A boat which is used to transport cargo or carry passengers.,,,,,,,,,,,,2021-03-15T04:00:01.750Z,https://orcid.org/0000-0002-9578-0788
ENVO:03501105,merchant vessel,transport boat,A transport boat which can be hired.,https://en.wikipedia.org/wiki/Merchant_ship,,,,merchant ship | trading vessel | merchantman,,,,,,,2021-03-15T04:00:01.750Z,https://orcid.org/0000-0002-9578-0788
ENVO:03501100,ferry,merchant vessel,"A merchant vessel which is used to carry passengers, vehicles, or cargo across a body of water.",https://en.wikipedia.org/wiki/Ferry,,,,,,,,,,,2021-03-15T04:00:01.750Z,https://orcid.org/0000-0002-9578-0788
ENVO:03501107,train,vehicle,A vehicle which locomotes using rails and consists of a series of connected compartments used to transport passengers or cargo.,https://en.wikipedia.org/wiki/Train,,,,,,,,,,,2021-03-15T04:00:01.750Z,https://orcid.org/0000-0002-9578-0788
ENVO:03501108,passenger train,train,A train which is capable of and used for passenger transport.,https://en.wikipedia.org/wiki/Train#Passenger_trains,,,,,,,,,,,2021-03-15T04:00:01.750Z,https://orcid.org/0000-0002-9578-0788
ENVO:03501109,subway train,passenger train,A passenger train which runs along an undergroud rail system.,ENVO,,,,subway|underground train|tube train|metro,,Tube|U-Bahn|metropolitana|Underground|London Underground|SkyTrain,,,,'part of' some 'rapid transit system',2021-03-15T04:00:01.750Z,https://orcid.org/0000-0002-9578-0788
,PUBLIC INFRASTRUCTURE,,,,,,,,,,,,,,,
ENVO:03501110,constructed transport system,system,A system which has components that have been constructed to allow the movement of people or goods. ,,,,,,,,,,,,2021-03-15T04:00:01.750Z,https://orcid.org/0000-0002-9578-0788
ENVO:03501111,public transit system,constructed transport system,A constructed transport system which is owned by a government or other form of public representation.,ENVO,,,,public transport|public transportation,,,,,,'part of' some 'public infrastructure'|'participates in' some 'usage of an environment for community and social services',2021-03-15T04:00:01.750Z,https://orcid.org/0000-0002-9578-0788
ENVO:03501112,public bus,bus,A bus which is part of public infrastructure.,ENVO,,,,public omnibus|public motorbus|public autobus|public multibus,,,,,,,2021-03-15T04:00:01.750Z,https://orcid.org/0000-0002-9578-0788
ENVO:03501113,public ferry,ferry,A ferry which is owned by a government or other form of public representation.,https://en.wikipedia.org/wiki/Ferry,,,,,,,,,,,2021-03-15T04:00:01.750Z,https://orcid.org/0000-0002-9578-0788
ENVO:03501114,public train,train,A train which is owned by a government or other form of public representation.,https://en.wikipedia.org/wiki/Train,,,,,,,,,,,2021-03-15T04:00:01.750Z,https://orcid.org/0000-0002-9578-0788
ENVO:03501115,public subway train,subway train,A subway train which is owned by a government or other form of public representation.,ENVO,,,,,,,,,,,2021-03-15T04:00:01.750Z,https://orcid.org/0000-0002-9578-0788
ENVO:03501116,rapid transit system,public transit system,A public transit system which is owned by a government or other form of public representation.,https://en.wikipedia.org/wiki/Rapid_transit,,,,mass rapid transit|MRT|metro,,heavy rail|light rail|medium-capacity rail,,,,,2021-03-15T04:00:01.750Z,https://orcid.org/0000-0002-9578-0788
,PUBLIC INFRASTRUCTURE / HUMAN CONSTRUCTION,,,,,,,,,,,,,,,
ENVO:03501117,transport hub,human construction,A place where passengers and cargo are exchanged between vehicles or/and between transport modes.,https://en.wikipedia.org/wiki/Transport_hub,,,,transport interchange,,,,,,,2021-03-15T04:00:01.750Z,https://orcid.org/0000-0002-9578-0788
ENVO:03501118,public transport hub,transport hub,A transport hub which is part of public infrastructure.,https://en.wikipedia.org/wiki/Transport_hub,,,,public transport interchange,,,,,,'part of' some 'public infrastructure',2021-03-15T04:00:01.750Z,https://orcid.org/0000-0002-9578-0788
,HUMAN CONSTRUCTION (and some anthropogenic geographic features),,,,,,,,,,,,,,,
ENVO:03501119,agricultural experimental station,research station,A research station in which food production and/or agribusinness research is performed.,https://en.wikipedia.org/wiki/Agricultural_experiment_station,,,,agricultural research station|ARS|AES|research farm,,,,,,,2021-03-15T04:00:01.750Z,https://orcid.org/0000-0002-1107-9135
ENVO:03501120,dairy farm,farm,A farm which produces milk or products derived from milk.,https://www.lexico.com/definition/dairy_farm,,,,,,,,,,,2021-03-15T04:00:01.750Z,https://orcid.org/0000-0002-1107-9135
ENVO:03501121,building corridor,building part,A building part which is a narrow hall or passage in a building with rooms leading off it.,https://en.wiktionary.org/wiki/corridor,,,,hallway,hall|passage,,,,,,2021-03-15T04:00:01.750Z,https://orcid.org/0000-0002-1107-9135
ENVO:03501122,airport,human construction,A human construction with extended facilities from which aircraft flight operations take place.,https://en.wikipedia.org/wiki/Airport,"The ""airport"" term is usually associated with commercial air transport, while ""militairy airport"" and ""airbase"" cover militairy air force facilities.",,,,aerodrome|airdrome,,,,,,2021-03-15T04:00:01.750Z,https://orcid.org/0000-0002-9578-0788
ENVO:03501123,airport terminal,industrial building,An industrial building in an airport where passengers transfer between facilities and vehicles.,https://en.wikipedia.org/wiki/Airport_terminal,,,,,,,,,,'part of' some airport,2021-03-15T04:00:01.750Z,https://orcid.org/0000-0002-9578-0788
ENVO:03501124,airport concourse,industrial building,An industrial building which provides travelers with access to airplanes.,https://en.wikipedia.org/wiki/Airport_terminal,,,,,,,,,,'part of' some 'airport terminal',2021-03-15T04:00:01.750Z,https://orcid.org/0000-0002-9578-0788
ENVO:03501125,airport transit lounge,room,A room in an airport where en-route passengers can wait between flights..,https://en.wiktionary.org/wiki/transit_lounge,,,,airport transit room,transit lounge,,,,,'part of' some 'airport terminal',2021-03-15T04:00:01.750Z,https://orcid.org/0000-0002-9578-0788
ENVO:03501126,church building,building,A building which is primarily used for Christian religious activities.,https://en.wikipedia.org/wiki/Church_(building),,,,church house|church,,,,,,,2021-03-15T04:00:01.750Z,https://orcid.org/0000-0002-9578-0788
ENVO:03501127,conference venue,building,A building which accomodates conferences.,https://en.wikipedia.org/wiki/Conference_hall,,,,conference venue|conference center|conference centre,,,,,,,2021-03-15T04:00:01.750Z,https://orcid.org/0000-0002-1107-9135
ENVO:03501128,conference room,room,A room which accommodates conferences.,https://en.wikipedia.org/wiki/Conference_hall,,,,conference hall|meeting room,,,,,,'part of' some 'conference venue' | 'part of' some building,2021-03-15T04:00:01.750Z,https://orcid.org/0000-0002-9578-0788
ENVO:03501129,educational facility,human construction,A human construction in which people are educated.,ENVO,,,,,,,,,,,2021-03-15T04:00:01.750Z,https://orcid.org/0000-0002-9578-0788
ENVO:03501130,school building,educational facility|institutional building,An institutional building in which students are educated.,https://en.wikipedia.org/wiki/School,,,,school,,,,,,,2021-03-15T04:00:01.750Z,https://orcid.org/0000-0002-9578-0788
ENVO:03501131,university building,institutional building,An institutional building in which university services are performed.,ENVO,,,,campus building|university college building,,,,,,'part of' some 'university campus',2021-03-15T04:00:01.750Z,https://orcid.org/0000-0002-9578-0788
ENVO:03501132,fire station,institutional building,"An institutional building in which firefighting apparati are stored, and which may include staff living spaces.",https://en.wikipedia.org/wiki/Fire_station,,,,fire house|fire hall|firemen's hall|engine house,,,,,,,2021-03-15T04:00:01.750Z,https://orcid.org/0000-0002-9578-0788
ENVO:03501133,homeless shelter,institutional building,An institutional building which temporarily houses homeless people.,https://en.wikipedia.org/wiki/Homeless_shelter,,,,,,,,,,,2021-03-15T04:00:01.750Z,https://orcid.org/0000-0002-9578-0788
ENVO:03501134,healthcare facility,human construction,A human construction in which healthcare is provided.,https://en.wikipedia.org/wiki/Health_facility,,,,medical facility|health facility,,,,,,,2021-03-15T04:00:01.750Z,https://orcid.org/0000-0002-9578-0788
ENVO:03501135,acute care facility,healthcare facility,A healthcare facility which is used for short-term patient care.,https://en.wikipedia.org/wiki/Acute_care,,,,ACF|ACC|acute care center,,,,,,,2021-03-15T04:00:01.750Z,https://orcid.org/0000-0002-1107-9135
ENVO:03501136,clinical patient assessment facility,healthcare facility,A healthcare facility in which patients are medically assessed.,ENVO,,,,clinical patient assessment center|clinical patient assessment centre,clinical assessment centre|CAC,,,,,,2021-03-15T04:00:01.750Z,https://orcid.org/0000-0002-1107-9135
ENVO:03501137,hospital unit facility,healthcare facility,A healthcare facility which is located in a hospital.,ENVO,,,,hospital ward,,,,,,'part of' some hospital,2021-03-15T04:00:01.750Z,https://orcid.org/0000-0002-9578-0788
ENVO:03501138,anaesthetics unit facility,hospital unit facility,A hospital unit facility which is used for anaesthetic service provision.,ENVO,,,,anaesthesia ward|anaesthesia unit,,,,,,,2021-03-15T04:00:01.750Z,https://orcid.org/0000-0002-9578-0788
ENVO:03501139,breast screening unit facility,hospital unit facility,A hospital unit facility which is used for breast cancer screening.,ENVO,,,,mammography unit|breast assessment unit|breast screening ward,,,,,,,2021-03-15T04:00:01.750Z,https://orcid.org/0000-0002-9578-0788
ENVO:03501140,chaplaincy unit facility,hospital unit facility,A hospital unit facility which is used to provide nondemoninational religious services.,ENVO,,,,chaplain unit|chaplain's unit,,,,,,,2021-03-15T04:00:01.750Z,https://orcid.org/0000-0002-9578-0788
ENVO:03501141,coronary care unit facility,hospital unit facility,A hospital unit facility which is used to provide cardiac patient care.,https://en.wikipedia.org/wiki/Coronary_care_unit,,,,CCU|cardiac intensive care unit|CICU|cardiac care unit|cardiac care ward coronary care ward|CCW|cardiac intensive card ward,,,,,,,2021-03-15T04:00:01.750Z,https://orcid.org/0000-0002-9578-0788
ENVO:03501142,diagnostic imaging unit facility,hospital unit facility,A hospital unit facility which is used to provide diagnostic imaging services.,ENVO,,,,medical imaging unit|diagnostic imaging ward|medical imaging ward,,,,,,,2021-03-15T04:00:01.750Z,https://orcid.org/0000-0002-9578-0788
ENVO:03501143,discharge unit facility,hospital unit facility,A hospital unit facility which houses patients ready to leave the hospital facility.,https://medical-dictionary.thefreedictionary.com/discharge+lounge,,,,discharge lounge|discharge ward,,,,,,,2021-03-15T04:00:01.750Z,https://orcid.org/0000-0002-9578-0788
ENVO:03501144,emergency unit facility,hospital unit facility,A hospital unit facility which is used to provide emergency medicine services.,https://en.wikipedia.org/wiki/Emergency_department,,,,emergency department|ED|accident & emergency department|A&E|emergency room|ER|emergency ward|EW|casualty department,,,,,,,2021-03-15T04:00:01.750Z,https://orcid.org/0000-0002-9578-0788
ENVO:03501145,emergency unit room,room,A room in which emergency medical care is provided.,https://en.wikipedia.org/wiki/Emergency_department,,,,emergency department room|accident & emergency department room|A&E room|emergency room room|ER room|emergency ward room|EW room|casualty department room,,,,,,'part of' some 'emergency unit facility',2021-03-15T04:00:01.750Z,https://orcid.org/0000-0002-9578-0788
ENVO:03501146,gastroenterology unit facility,hospital unit facility,A hospital unit facility which is used to provide gastroenterology medical services.,ENVO,,,,,,,,,,,2021-03-15T04:00:01.750Z,https://orcid.org/0000-0002-9578-0788
ENVO:03501147,general surgery unit facility,hospital unit facility,A hospital unit facility which is used to provide surgical services.,ENVO,,,,surgery unit|surgical unit|general surgical unit|general surgery ward|surgery ward|surgical ward|general surgical ward,,,,,,,2021-03-15T04:00:01.750Z,https://orcid.org/0000-0002-9578-0788
ENVO:03501148,geriatric care unit facility,hospital unit facility,A hospital unit facility which is used to provide geriatric medical services.,ENVO,,,,elderly unit|geriatric unit|geriatric ward|geriatric care ward,,,,,,,2021-03-15T04:00:01.750Z,https://orcid.org/0000-0002-9578-0788
ENVO:03501149,geriatric intensive care unit facility,intensive care unit facility,An intensive care unit facility which is used to provide care of critically ill elderly patients.,https://en.wikipedia.org/wiki/Geriatric_intensive-care_unit,,,,GICU|geriatric intensive care ward,,,,,,,2021-03-15T04:00:01.750Z,https://orcid.org/0000-0002-9578-0788
ENVO:03501150,gynaecology unit facility,hospital unit facility,A hospital unit facility which is used to provide gynaecologic medical services.,ENVO,,,,gynaecology ward,,,,,,,2021-03-15T04:00:01.750Z,https://orcid.org/0000-0002-9578-0788
ENVO:03501151,haematology unit facility,hospital unit facility,A hospital unit facility which is used to provide haematological medical services.,ENVO,,,,hematology unit|haematology ward|hematology ward,,,,,,,2021-03-15T04:00:01.750Z,https://orcid.org/0000-0002-9578-0788
ENVO:03501152,intensive care unit facility,hospital unit facility,A hospital unit facility which is used to provide intensive medical care.,https://en.wikipedia.org/wiki/Intensive_care_unit,,,,intensive therapy unit|intensive treatment unit|critical care unit|intensive care ward|intensive treatment ward|critical care ward|ICU|ITU|CCU|ICW|CCW,,,,,,,2021-03-15T04:00:01.750Z,https://orcid.org/0000-0002-9578-0788
ENVO:03501153,surgical intensive care unit facility,intensive care unit facility,An intensive care unit facility which is used to provide  surgical services for critically ill patients.,https://en.wikipedia.org/wiki/Intensive_care_unit,,,,SICU|surgery critical care unit|surgical critical care unit|SCCU|surgical intensive care ward|surgical critical care ward|surgery critical care ward,,,,,,,2021-03-15T04:00:01.750Z,https://orcid.org/0000-0002-9578-0788
ENVO:03501154,traumatic intensive care unit facility,intensive care unit facility,An intensive care unit facility which is used to provide medical care for trauma patients.,https://en.wikipedia.org/wiki/Intensive_care_unit,,,,TICU|trauma intensive care unit|traumatic critical care unit,,,,,,,2021-03-15T04:00:01.750Z,https://orcid.org/0000-0002-9578-0788
ENVO:03501155,intensive care unit room,room,A room in which intensive medical care is provided.,https://en.wikipedia.org/wiki/Intensive_care_unit ,,,,intensive therapy unit room|intensive treatment unit room|critical care unit room|intensive care ward room|intensive treatment ward room|critical care ward room|ICU room|ITU room|CCU room|ICW room|CCW room,,,,,,'part of' some 'intensive care unit facility',2021-03-15T04:00:01.750Z,https://orcid.org/0000-0002-9578-0788
ENVO:03501156,maternity unit facility,hospital unit facility,A hospital unit facility which is used to provide materinity care.,https://www.thefreedictionary.com/maternity+ward,,,,maternity ward|materinity care unit|obstetrics unit|obstetrics ward,,,,,,,2021-03-15T04:00:01.750Z,https://orcid.org/0000-0002-9578-0788
ENVO:03501157,mobile intensive care ambulance,ambulance,An ambulance which is equiped to enable intensive care service provision.,https://en.wikipedia.org/wiki/Intensive_care_unit,,,,mobile ICU|MICU|mobile intensive unit|mobile intensive care unit,,,,,,,2021-03-15T04:00:01.750Z,https://orcid.org/0000-0002-9578-0788
ENVO:03501158,micobiology unit facility,hospital unit facility,A hospital unit facility which is used to provide medical microbiology services.,ENVO,,,,clinical microbiology unit|microbiology ward|clinical microbiology ward,,,,,,,2021-03-15T04:00:01.750Z,https://orcid.org/0000-0002-9578-0788
ENVO:03501159,neonatal unit facility,hospital unit facility,A hospital unit facility which is used to provide neonatal medical services.,ENVO,,,,NU|neonatal ward,,,,,,,2021-03-15T04:00:01.750Z,https://orcid.org/0000-0002-9578-0788
ENVO:03501160,neonatal intensive care unit facility,intensive care unit facility,A hospital unit facility which is used to provide intensive neonatal medical care.,https://en.wikipedia.org/wiki/Neonatal_intensive_care_unit,,,,NICU|intensive care nursery|ICN|neonatal intensive care ward,,,,,,,2021-03-15T04:00:01.750Z,https://orcid.org/0000-0002-9578-0788
ENVO:03501161,nephrology unit facility,hospital unit facility,A hospital unit facility which is used to provide nephrological medical services.,ENVO,,,,nephrology ward|renal unit| renal ward|general nephrology unit|generalnephrology ward|general renal unit|general renal ward,,,,,,,2021-03-15T04:00:01.750Z,https://orcid.org/0000-0002-9578-0788
ENVO:03501162,neurology unit facility,hospital unit facility,A hospital unit facility which is used to provide neurological medical services.,ENVO,,,,neurology ward|general neurology ward|general neurology unit,,,,,,,2021-03-15T04:00:01.750Z,https://orcid.org/0000-0002-9578-0788
ENVO:03501163,nutrition and dietetics unit facility,hospital unit facility,A hospital unit facility which is used to provide nutrition and dietetics services.,ENVO,,,,NDU|nutrition and dietetics ward,,,,,,,2021-03-15T04:00:01.750Z,https://orcid.org/0000-0002-9578-0788
ENVO:03501164,occupational therapy unit facility,hospital unit facility,A hospital unit facility which is used to provide occupational therapy.,ENVO,,,,occupational therapy ward| OT unit| OT ward,,,,,,,2021-03-15T04:00:01.750Z,https://orcid.org/0000-0002-9578-0788
ENVO:03501165,oncology unit facility,hospital unit facility,A hospital unit facility which is used to provide oncology.,ENVO,,,,oncology ward|cancer unit|cancer ward,,,,,,,2021-03-15T04:00:01.750Z,https://orcid.org/0000-0002-9578-0788
ENVO:03501166,ophthalmology unit facility,hospital unit facility,A hospital unit facility which is used to provide opthalmological medicine.,ENVO,,,,ophthalmology ward,,,,,,,2021-03-15T04:00:01.750Z,https://orcid.org/0000-0002-9578-0788
ENVO:03501167,orthopaedics unit facility,hospital unit facility,A hospital unit facility which is used to provide orthopaedic medicine.,ENVO,,,,orthopaedics ward| orthopedics unit| orthopedics ward,,,,,,,2021-03-15T04:00:01.750Z,https://orcid.org/0000-0002-9578-0788
ENVO:03501168,pain management unit facility,hospital unit facility,A hospital unit facility which is used to provide pain management.,https://www.thefreedictionary.com/pain+clinic,,,,occupational therapy ward|OT unit|OT ward,,,,,,,2021-03-15T04:00:01.750Z,https://orcid.org/0000-0002-9578-0788
ENVO:03501169,pediatric unit facility,hospital unit facility,A hospital unit facility which is used to provide pediatric medicine.,ENVO,,,,pediatric ward|children's unit|children's ward,,,,,,,2021-03-15T04:00:01.750Z,https://orcid.org/0000-0002-9578-0788
ENVO:03501170,pediatric intensive care unit facility,intensive care unit facility,A hospital unit facility which is used to provide pediatric intensive care.,https://en.wikipedia.org/wiki/Pediatric_intensive_care_unit,,,,occupational therapy ward|OT unit|OT ward,,,,,,,2021-03-15T04:00:01.750Z,https://orcid.org/0000-0002-9578-0788
ENVO:03501171,pharmacy unit facility,hospital unit facility|pharmacy,A hospital unit facility which is used to provide pharmacy services.,http://healthfacilityguidelines.com/ViewPDF/ViewIndexPDF/iHFG_part_b_pharmacy_unit,,,,pharmacy ward,,,,,,,2021-03-15T04:00:01.750Z,https://orcid.org/0000-0002-9578-0788
ENVO:03501172,physiotherapy unit facility,hospital unit facility,A hospital unit facility which is used to provide physiotherapy.,ENVO,,,,physiotherapy ward,,,,,,,2021-03-15T04:00:01.750Z,https://orcid.org/0000-0002-9578-0788
ENVO:03501173,post-anesthesia care unit facility,hospital unit facility,A hospital unit facility which is used to provide care for patients recovering from anesthesia.,https://en.wikipedia.org/wiki/Post-anesthesia_care_unit,,,,PACU|post-anesthesia care ward|post-anesthesia unit|post-anesthesia ward|post-anesthesia recovery|PAR,,,,,,,2021-03-15T04:00:01.750Z,https://orcid.org/0000-0002-9578-0788
ENVO:03501174,high dependency unit facility,hospital unit facility,A hospital unit facility which is used to provide high dependency care.,https://www.macmillandictionary.com/thesaurus-category/british/rooms-and-departments-in-hospitals-and-clinics,,,,HDU|high dependency ward|step-down unit|step-down ward|progressive care unit|progressive care ward|progressive intensive recovery unit,,,,,,,2021-03-15T04:00:01.750Z,https://orcid.org/0000-0002-9578-0788
ENVO:03501175,psychiatric unit facility,hospital unit facility,A hospital unit facility which is used to provide psychiatric medicine.,https://en.wikipedia.org/wiki/Psychiatric_hospital,,,,psychiatric ward|psych ward|psych unit,,,,,,,2021-03-15T04:00:01.750Z,https://orcid.org/0000-0002-9578-0788
ENVO:03501176,psychiatric intensive care unit facility,psychiatric unit facility|intensive care unit facility,A hospital unit facility which is used to provide  intensive psychiatric care.,https://en.wikipedia.org/wiki/Psychiatric_intensive-care_unit,,,,PsICU|PICU|psychiatric intensive care ward,,,,,,,2021-03-15T04:00:01.750Z,https://orcid.org/0000-0002-9578-0788
ENVO:03501177,radiotherapy unit facility,hospital unit facility,A hospital unit facility which is used to provide radiation therapy.,ENVO,,,,radiation therapy unit|radiotherapy ward|radiation therapy ward,,,,,,,2021-03-15T04:00:01.750Z,https://orcid.org/0000-0002-9578-0788
ENVO:03501178,rheumatology unit facility,hospital unit facility,A hospital unit facility which is used to provide rheumatic medical services.,ENVO,,,,rheumatology ward,,,,,,,2021-03-15T04:00:01.750Z,https://orcid.org/0000-0002-9578-0788
ENVO:03501179,urology unit facility,hospital unit facility,A hospital unit facility which is used to provide urological medicine.,ENVO,,,,urology ward,,,,,,,2021-03-15T04:00:01.750Z,https://orcid.org/0000-0002-9578-0788
ENVO:03501180,patient room,room,A room which is used for patient care during a patient's visit or stay in a healthcare facility.,https://meshb.nlm.nih.gov/record/ui?ui=D010362,,,,patient-care room,,examination room|patient bed room,,,,'part of' some 'healthcare facility',2021-03-15T04:00:01.750Z,https://orcid.org/0000-0002-1107-9135
ENVO:03501181,tertiary referral hospital,hospital,A hospital which is used to provide tertiary care.,https://en.wikipedia.org/wiki/Tertiary_referral_hospital,,,,tertiary hospital|tertiary referral center|tertiary care center|tertiary center,,,,,,,2021-03-15T04:00:01.750Z,https://orcid.org/0000-0002-9578-0788
ENVO:03501182,clinic,facility,"A facility which is used to provide treatment, remedial work, and/or instruction.",https://en.wiktionary.org/wiki/clinic,"This sense of clinic does not necessarily involve medical services.  For medical services see ""medical clinic"".",,,,,,,,,,2021-03-15T04:00:01.750Z,
ENVO:03501183,medical clinic,healthcare facility,A healthcare facility which is used to provide outpatient health care services.,https://en.wikipedia.org/wiki/Clinic,,,,outpatient clinic|ambulatory care clinic,clinic,,,,,,2021-03-15T04:00:01.750Z,https://orcid.org/0000-0002-9578-0788
ENVO:03501184,chiropractic clinic,medical clinic,A medical clinic which is used to provide chiropractic services.,ENVO,,,,chiropractor office|chiropractic office|chiropractor clinic,,,,,,,2021-03-15T04:00:01.750Z,https://orcid.org/0000-0002-9578-0788
ENVO:03501185,dental clinic,medical clinic,A medical clinic which is used to provide oral medicine services.,ENVO,,,,dental office|dentist office|dentist clinic,,,,,,,2021-03-15T04:00:01.750Z,https://orcid.org/0000-0002-9578-0788
ENVO:03501186,family practice clinic,medical clinic,A medical clinic which is used to provide family medicine services.,ENVO,,,,family medicine clinic|family medicine office|general practice clinic|GP clinic|general practice office|GP office|family doctor clinic|family doctor office|family care clinic|general medicine clinic,,,,,,,2021-03-15T04:00:01.750Z,https://orcid.org/0000-0002-9578-0788
ENVO:03501187,massage therapy clinic,medical clinic,A medical clinic which is used to provide massage therapy services.,ENVO,,,,massage therapy office|massage therapist office|massage therapist clinic,,,,,,,2021-03-15T04:00:01.750Z,https://orcid.org/0000-0002-9578-0788
ENVO:03501188,ophthalmology clinic,medical clinic,A medical clinic which is used to provide opthalmology services.,ENVO,,,,ophthalmologist office|ophthalmologist clinic|ophthalmology office,,,,,,,2021-03-15T04:00:01.750Z,https://orcid.org/0000-0002-9578-0788
ENVO:03501189,optometry clinic,medical clinic,A medical clinic which is used to provide optometry services.,ENVO,,,,optometrist clinic|optometrist office|eye doctor office,,,,,,,2021-03-15T04:00:01.750Z,https://orcid.org/0000-0002-9578-0788
ENVO:03501190,pain clinic,medical clinic,A medical clinic which is used to provide pain management services.,https://www.thefreedictionary.com/pain+clinic,,,,pain management clinic,,chronic pain clinic,,,,,2021-03-15T04:00:01.750Z,https://orcid.org/0000-0002-9578-0788
ENVO:03501191,physiotherapy clinic,medical clinic,A medical clinic which is used to provide physical therapy services.,ENVO,,,,physical therapy clinic|physical therapy office|physiotherapy office,,,,,,,2021-03-15T04:00:01.750Z,https://orcid.org/0000-0002-9578-0788
ENVO:03501192,walk-in clinic,medical clinic,A medical clinic which is used to provide services to walk-in patients.,https://en.wikipedia.org/wiki/Walk-in_clinic,,,,walk-in centre,,,,,,,2021-03-15T04:00:01.750Z,https://orcid.org/0000-0002-9578-0788
ENVO:03501193,pharmacy,healthcare facility,"A healthcare facility which is used to prepare, dispense, or sell medical drugs.","pharmacy. (n.d.) American Heritage® Dictionary of the English Language, Fifth Edition. (2011). Retrieved August 11 2020 from https://www.thefreedictionary.com/pharmacy ",,,,apothecary,,,,,,,2021-03-15T04:00:01.750Z,https://orcid.org/0000-0002-9578-0788
ENVO:03501194,long-term care facility,residential building|healthcare facility,A residential building which is used to provides long-term care for residents.,https://en.wikipedia.org/wiki/Long-term_care,,,,LTC facility|long-term care centre|LTC centre|long-term care center|LTC center,,,,,,,2021-03-15T04:00:01.750Z,https://orcid.org/0000-0002-9578-0788
ENVO:03501195,assisted living facility,long-term care facility,A long-term care facility which is used to provide care for people with disabilities or for adults who cannot or who choose not to live independently.,https://en.wikipedia.org/wiki/Assisted_living,,,,assisted living residence|ALF,,,,,,,2021-03-15T04:00:01.750Z,https://orcid.org/0000-0002-9578-0788
ENVO:03501196,group home facility,long-term care facility,"A long-term care facility which is used to provide care for people with complex health needs, and which typically has at least one caregiver in attendance twenty four hours a day.",https://en.wikipedia.org/wiki/Group_home,,,,residential care facility,,,,,,,2021-03-15T04:00:01.750Z,https://orcid.org/0000-0002-9578-0788
ENVO:03501197,institutional building,building,A building which is used to provide institutional processes.,https://en.wiktionary.org/wiki/institution,"An institutional building may serve the needs of a federal, state, county, municipal or corporate institution.",,,,,,,,,,2021-03-15T04:00:01.750Z,https://orcid.org/0000-0002-9578-0788
ENVO:03501198,wet market,market,A market which is used for the sale and purchase of perishable goods.,https://en.wikipedia.org/wiki/Wet_market,,,,,,,,,,,2021-03-15T04:00:01.750Z,https://orcid.org/0000-0002-9578-0788
ENVO:03501199,dry market,market,A market which is used for the sale and purchase of durable goods.,https://en.wikipedia.org/wiki/Wet_market,,,,,,,,,,,2021-03-15T04:00:01.750Z,https://orcid.org/0000-0002-9578-0788
ENVO:03501200,police station,institutional building,An institutional building which is used to provide policing services.,https://en.wikipedia.org/wiki/Police_station,,,,station house,,,,,,,2021-03-15T04:00:01.750Z,https://orcid.org/0000-0002-9578-0788
ENVO:03501201,polling place,human construction,A human construction which contains one or more polling stations,https://en.wikipedia.org/wiki/Polling_place,,,,voting facility,,,,,,'part of' some building,2021-03-15T04:00:01.750Z,https://orcid.org/0000-0002-9578-0788
ENVO:03501202,polling station,human construction,A human construction which is that part of a polling place where voters cast their ballot,https://en.wikipedia.org/wiki/Polling_place,,,,polling station room,,,,,,'part of' some 'polling place',2021-03-15T04:00:01.750Z,https://orcid.org/0000-0002-9578-0788
ENVO:03501309,booth,human construction,A human construction which is an enclosure or compartment designed for service provision.,,"""an enclosure or compartment that allows privacy or seclusion, for example when voting, broadcasting or recording sound, or making a phone call."" OED I like this one more - except it doesn't fit ""ticket booth"", ""gas station booth"" etc.",,,,,,,,,,2021-03-15T04:00:01.750Z,https://orcid.org/0000-0002-9578-0788
ENVO:03501203,polling booth,booth,A booth which enables a voter to vote confidentially.,https://en.wikipedia.org/wiki/Voting_booth,,,,voting booth,,,,,,'part of' some 'polling station',2021-03-15T04:00:01.750Z,https://orcid.org/0000-0002-9578-0788
ENVO:03501204,prison facility,human construction,"A human construction which is a facility where convicts are forcibly confined, and punished and/or rehabilitated.",https://www.thefreedictionary.com/prison,,,,remand center|remand centre|gaol|jail|detention center|detention centre|penitentiary|correctional facility|correctional center correctional centre|lock-up,,,,,,,2021-03-15T04:00:01.750Z,https://orcid.org/0000-0002-9578-0788
ENVO:03501205,private prison,prison facility,A prison facility which is run by a government-contracted third party.,https://en.wikipedia.org/wiki/Private_prison,,,,for-profit prison|for-profit jail|for-profit detention center|for-profit detention centre|for-profit remand center|for-profit remand centre|for-profit penitentiary|for-profit correctional facility|for-profit correctional center|for-profit correctional centre|for-profit lock-up|private jail|private detention center|private detention center|private remand center|private remand centre|private penitentiary|private correctional facility|private correctional center|private correctional centre|private lock-up,,,,,,,2021-03-15T04:00:01.750Z,https://orcid.org/0000-0002-9578-0788
ENVO:03501206,shopping center,commercial building,A commercial building in which the majority of commerical activity occurs in shops occupying parts of the building.,https://en.wikipedia.org/wiki/Shopping_center,,,,shopping centre,,,,,,'has part' some shop,2021-03-15T04:00:01.750Z,https://orcid.org/0000-0002-9578-0788
ENVO:03501207,shopping mall,shopping center,A shopping center in which a large indoor pedestrian promenade provides access to stores and other facilities.,https://en.wikipedia.org/wiki/Shopping_mall,,,,mall,,,,,,,2021-03-15T04:00:01.750Z,https://orcid.org/0000-0002-9578-0788
ENVO:03501208,air vent,manufactured product,A manufactured product consisting of a duct opening which allows air to circulate.,https://en.wiktionary.org/wiki/air_vent,,,,,vent,,,,,,2021-03-15T04:00:01.750Z,https://orcid.org/0000-0002-9578-0788
ENVO:03501209,bedrail,pole,"A poll which is attached to the head, foot, or side of a bed frame.",https://en.wiktionary.org/wiki/bedrail,,,,bed rail|side rail|bed side rail|half rail|safety rail|bed handle|assist bar|grab bar|hospital bed rail|adult portable bed rail,,,,,,'part of' some 'bed frame',2021-03-15T04:00:01.750Z,https://orcid.org/0000-0002-9578-0788
ENVO:03501210,control panel,manufactured product,A manufactured product consisting of a panel on which control or monitoring instruments are set.,https://en.wikipedia.org/wiki/Control_panel_(engineering),,,,control unit|instrument panel|instrument board|console|control board|panel|indicator panel|display panel|display board,,,,,,,2021-03-15T04:00:01.750Z,https://orcid.org/0000-0002-9578-0788
ENVO:03501211,door handle,manufactured product,A manufactured product consisting of a handle used to open or close a door.,https://en.wikipedia.org/wiki/Door_handle,,,,door knob,,,,,,,2021-03-15T04:00:01.750Z,https://orcid.org/0000-0002-9578-0788
ENVO:03501212,handrail,pole,A pole which provides stability or support when grasped by the hand.,https://en.wikipedia.org/wiki/Handrail,,,,hand rail,"rail, railing",,,,,,2021-03-15T04:00:01.750Z,https://orcid.org/0000-0002-9578-0788
ENVO:03501213,light switch,switch,A switch which turns a light on or off.,https://en.wiktionary.org/wiki/light_switch,,,,lightswitch,"switch, dimmer switch",,,,,,2021-03-15T04:00:01.750Z,https://orcid.org/0000-0002-9578-0788
ENVO:03501214,locker,manufactured product,A manufactured product which is a storage compartment with a lock.,https://en.wiktionary.org/wiki/locker,,,,locking cabinet|locking cupboard|lockable cabinet|lockable cupboard,,,,,,,2021-03-15T04:00:01.750Z,https://orcid.org/0000-0002-9578-0788
ENVO:03501310,switch,device,"A device which can connect, disconnect, or divert current in an electrical circuit.",https://en.wikipedia.org/wiki/Switch,,,,,,,,,,,2021-03-15T04:00:01.750Z,https://orcid.org/0000-0002-8844-9165
ENVO:03501215,nurse call button ,switch,A switch which allows patients in health care settings to alert a nurse or other health care staff member.,https://en.wikipedia.org/wiki/Nurse_call_button,,,,nurse call cord,,,,,,,2021-03-15T04:00:01.750Z,https://orcid.org/0000-0002-9578-0788
ENVO:03501256,sheet of paper,paper product,A paper product which is a thin sheet material made of processed cellulose fibres.,https://en.wikipedia.org/wiki/Paper,,,,paper sheet|paper,,,,,,,2021-03-15T04:00:01.750Z,https://orcid.org/0000-0002-8844-9165
ENVO:03501354,steel,manufactured product,A manufactured product which is an alloy of iron and which typically contains a few tenths of a percent of carbon.,https://en.wikipedia.org/wiki/Steel,,,,,,,,,,,2021-03-15T04:00:01.750Z,https://orcid.org/0000-0002-8844-9165
ENVO:03501216,stainless steel,steel,Steel which is composed primarily of a corrosion resistant alloy of iron and chromium.,https://en.wiktionary.org/wiki/stainless_steel,,,,inox steel|stainless,,,,,,,2021-03-15T04:00:01.750Z,https://orcid.org/0000-0002-8844-9165
ENVO:03501217,tissue paper,paper product,A paper product which is thin translucent paper.,https://en.wiktionary.org/wiki/tissue_paper,Tissue paper is often used for wrapping or for protecting delicate articles.,,,tissue,,,,,,,2021-03-15T04:00:01.750Z,https://orcid.org/0000-0002-8844-9165
ENVO:03501218,toilet bowl,plumbing fixture,"A plumbing fixture which is bowl-shaped, part of a toilet fixture, and capable of contain human waste until it is disposed of.",https://en.wikipedia.org/wiki/Toilet,,,,lavatory bowl,,,,,,'part of' some 'toilet fixture'|'has quality' some PATO:0040009,2021-03-15T04:00:01.750Z,https://orcid.org/0000-0002-8844-9165
ENVO:03501219,window,manufactured product,"A manufactured product which is composed of one or more glass or other transparent or semi-transparent materials set inside a frame, and installed in wall, door, roof or vehicle surfaces to allow the passage of light, and sometimes air.",https://en.wikipedia.org/wiki/Window,,,,casement|casement window|sash|sash window|pane|windowpane,,,,,,,2021-03-15T04:00:01.750Z,https://orcid.org/0000-0002-8844-9165
ENVO:03501220,door,manufactured product,"A manufactured product which is composed of a hinged, sliding, or revolving barrier which is installed at the entrance to a building, room, vehicle, or in the framework of a cabinet.",https://www.lexico.com/en/definition/door,,,,,,,,,,,2021-03-15T04:00:01.750Z,https://orcid.org/0000-0002-9578-0788
ENVO:03501221,bistro,restaurant,A restaurant which is of French cultural origin and which has a short menu and limited seating space.,https://en.wikipedia.org/wiki/Bistro,,,,bistrot,,,,,,,2021-03-15T04:00:01.750Z,https://orcid.org/0000-0002-8395-2570
ENVO:03501222,brasserie,restaurant,A type of restaurant which is of French cultural origin and which provides more service or food variety than a bistro.,https://en.wikipedia.org/wiki/Brasserie,,,,,,,,,,,2021-03-15T04:00:01.750Z,https://orcid.org/0000-0002-8395-2570
,,,,,,,,,,,,,,,,
ENVO:03501224,carvery,restaurant,A restaurant which provides customers with cooked meat freshly sliced to order.,https://en.wikipedia.org/wiki/Carvery,,,,,,,,,,,2021-03-15T04:00:01.750Z,https://orcid.org/0000-0002-8395-2570
ENVO:03501225,coffeehouse,restaurant,A restaurant which primarily serves coffee.,https://en.wikipedia.org/wiki/Coffeehouse,,,,coffee shop|café,,,,,,,2021-03-15T04:00:01.750Z,https://orcid.org/0000-0002-8395-2570
ENVO:03501226,greasy spoon,restaurant,"A restaurant which is small, inexpensive, and typically specializing in fried foods and/or home-cooked meals.",https://en.wikipedia.org/wiki/Greasy_spoon,,,,,,,,,,,2021-03-15T04:00:01.750Z,https://orcid.org/0000-0002-8395-2570
ENVO:03501227,steakhouse,restaurant,A restaurant which specializes in serving steaks and pork chops.,https://en.wikipedia.org/wiki/Steakhouse,,,,steak house|chophouse,,,,,,,2021-03-15T04:00:01.750Z,https://orcid.org/0000-0002-8395-2570
ENVO:03501228,trattoria,restaurant,"A restaurant which is of Italian cultural origin and which is generally less formal than an Italian ristorante, but more formal than an osteria.",https://en.wikipedia.org/wiki/Trattoria,,,,,,,,,,,2021-03-15T04:00:01.750Z,https://orcid.org/0000-0002-8395-2570
ENVO:03501230,field hospital,healthcare facility,A healthcare facility which is a temporary hospital or mobile medical unit that takes care of casualties on-site before they can be safely transported to more permanent facilities.,https://en.wikipedia.org/wiki/Field_hospital,,,,,,,,,,,2021-03-15T04:00:01.750Z,https://orcid.org/0000-0002-8395-2570
ENVO:03501231,hospice,healthcare facility,A healthcare facility which provides palliative care for the terminally ill.,https://en.wikipedia.org/wiki/Hospice,,,,,,,,,,,2021-03-15T04:00:01.750Z,https://orcid.org/0000-0002-8395-2570
ENVO:03501232,movie theater,commercial building,A commercial building which contains auditoria for viewing films.,https://en.wikipedia.org/wiki/Movie_theater,,,,cinema|cinema hall|picture house,,,,,,,2021-03-15T04:00:01.750Z,https://orcid.org/0000-0002-8395-2570
ENVO:03501233,warehouse,industrial building,An industrial building which is used to store goods.,https://en.wikipedia.org/wiki/Warehouse,,,,,,,,,,,2021-03-15T04:00:01.750Z,https://orcid.org/0000-0002-8395-2570
ENVO:03501234,town hall,office building,"An office building which is the chief administrative building of a city, town, or other municipality.",https://en.wikipedia.org/wiki/Town_hall,,,,city hall|civic centre|guildhall|Rathaus (German),,,,,,,2021-03-15T04:00:01.750Z,https://orcid.org/0000-0002-8395-2570
ENVO:03501235,leisure centre,public building,A public building or site which provides facilities used by people to keep fit or relax.,https://en.wikipedia.org/wiki/Leisure_centre,,,,,,,,,,,2021-03-15T04:00:01.750Z,https://orcid.org/0000-0002-8395-2570
ENVO:03501236,business park,area of developed space,An area of developed space which is reserved for office buildings.,https://en.wikipedia.org/wiki/Business_park,,,,office park,,,,,,,2021-03-15T04:00:01.750Z,https://orcid.org/0000-0002-8395-2570
ENVO:03501237,game reserve,terrestrial environmental zone,A terrestrial environmental zone where wild animals live safely or are hunted in a controlled way for sport.,https://en.wikipedia.org/wiki/Game_reserve,,,,wildlife preserve|game park,,,,,,,2021-03-15T04:00:01.750Z,https://orcid.org/0000-0002-8395-2570
ENVO:03501238,hillock,hill,A hill which is small and usually separated from a larger group of hills such as a range.,https://en.wikipedia.org/wiki/Hillock,Hillocks are similar in their distribution and size to small mesas or buttes.,,,knoll,,,,,,,2021-03-15T04:00:01.750Z,https://orcid.org/0000-0002-8395-2570
ENVO:03501239,riverfront,shore,A shore along a river.,https://en.wikipedia.org/wiki/Riverfront,,,,,,,,,,,2021-03-15T04:00:01.750Z,https://orcid.org/0000-0002-8395-2570
ENVO:03501240,skerry,island,"An island which is small, principally composed of rock, and usually too small for human habitation.",https://en.wikipedia.org/wiki/Skerry,,,,islet,,,,,,,2021-03-15T04:00:01.750Z,https://orcid.org/0000-0002-8395-2570
ENVO:03501241,wind farm,power plant,A power plant which is a group of wind turbines in the same location used to produce electricity.,https://en.wikipedia.org/wiki/Wind_farm,,,,wind park|wind power station|wind power plant,,,,,,,2021-03-15T04:00:01.750Z,https://orcid.org/0000-0002-8395-2570
ENVO:03501242,desert island,island,An island that is not permanently populated by humans.,https://en.wikipedia.org/wiki/Desert_island,,,,uninhabited island,,islet|atoll,,,,,2021-03-15T04:00:01.750Z,https://orcid.org/0000-0002-8395-2570
ENVO:03501243,big-box store,shop,A store which is physically large and is part of a retail chain.,https://en.wikipedia.org/wiki/Big-box_store,,,,supercenter|superstore|megastore,,,,,,,2021-03-15T04:00:01.750Z,https://orcid.org/0000-0002-8395-2570
ENVO:03501244,Bailey bridge,bridge,"A bridge which is a truss bridge, pre-fabricated, and portable.",https://en.wikipedia.org/wiki/Bailey_bridge,,,,,,,,,,,2021-03-15T04:00:01.750Z,https://orcid.org/0000-0002-8395-2570
ENVO:03501245,drawbridge,bridge,A bridge which is hinged and can be raised.,https://en.wiktionary.org/wiki/drawbridge,,,,draw-bridge,,,,,,,2021-03-15T04:00:01.750Z,https://orcid.org/0000-0002-8395-2570
ENVO:03501246,footbridge,bridge,A bridge designed solely for pedestrians.,https://en.wikipedia.org/wiki/Footbridge,,,,pedestrian bridge|pedestrian overpass|pedestrian overcrossing,,,,,,,2021-03-15T04:00:01.750Z,https://orcid.org/0000-0002-8395-2570
ENVO:03501247,humpback bridge,bridge,"A bridge which arches in the center, and has a span which is higher than the ramps on either side, forming a hump-like arrangement.",https://en.wikipedia.org/wiki/Humpback_bridge,,,,,,,,,,,2021-03-15T04:00:01.750Z,https://orcid.org/0000-0002-8395-2570
ENVO:03501248,overpass,bridge,"A bridge which is used for transportaiton, and which crosses over another road or railway.",https://en.wikipedia.org/wiki/Overpass,,,,overbridge|flyover,,,,,,,2021-03-15T04:00:01.750Z,https://orcid.org/0000-0002-8395-2570
ENVO:03501249,suspension bridge,bridge,A bridge which has its deck hung on vertical suspenders via suspension cables.,https://en.wikipedia.org/wiki/Suspension_bridge,,,,,,,,,,,2021-03-15T04:00:01.750Z,https://orcid.org/0000-0002-8395-2570
ENVO:03501250,swing bridge,bridge,"A bridge which is movable and has a vertical locating pin as its primary structural support, and a support ring about which it can pivot horizontally.",https://en.wikipedia.org/wiki/Swing_bridge,,,,,,,,,,,2021-03-15T04:00:01.750Z,https://orcid.org/0000-0002-8395-2570
ENVO:03501251,vacuum cleaner,device,A device that causes suction in order to remove debris from surfaces.,https://en.wikipedia.org/wiki/Vacuum_cleaner,,,,hoover,vacuum,,,,,,2021-03-15T04:00:01.750Z,https://orcid.org/0000-0002-8395-2570
ENVO:03501252,chicken manure,poultry manure,Poultry manure made of chicken feces.,https://en.wikipedia.org/wiki/Chicken_manure,,,,,,,,,,,2021-03-15T04:00:01.750Z,https://orcid.org/0000-0002-8395-2570
ENVO:03501253,gypsum,anthropogenic environmental material,A soft sulfate mineral composed of calcium sulfate dihydrate.,https://en.wikipedia.org/wiki/Gypsum,,,,,,,,,,,2021-03-15T04:00:01.750Z,https://orcid.org/0000-0002-8395-2570
ENVO:03501254,water tank,manufactured product,A container for storing water.,https://en.wikipedia.org/wiki/Water_tank,,,,,,,,,,,2021-03-15T04:00:01.750Z,https://orcid.org/0000-0002-8395-2570
ENVO:03501255,water trough,anthropogenic geographic feature,An anthropogenic geographic feature consisting of a receptacle intended to provide drinking water to animals.,https://en.wikipedia.org/wiki/Watering_trough,,,,artificial watering point,,,,,,,2021-03-15T04:00:01.750Z,https://orcid.org/0000-0002-8395-2570
ENVO:03501257,barn,building,An agricultural building used for crop storage or animal husbandry.,https://en.wikipedia.org/wiki/Barn,,,,barn,,,,,,,2021-03-15T04:00:01.750Z,https://orcid.org/0000-0002-8395-2570
ENVO:03501258,chicken house,animal house,An animal house where fowl are kept.,https://en.wikipedia.org/wiki/Chicken_coop,,,,chicken coop|hen house,,,,,,,2021-03-15T04:00:01.750Z,https://orcid.org/0000-0002-8395-2570
ENVO:03501259,litter,environmental material,Environmental material consisting of waste products that have been discarded at an unsuitable location.,https://en.wikipedia.org/wiki/Litter,,,,,,,,,,,2021-03-15T04:00:01.750Z,https://orcid.org/0000-0002-8395-2570
ENVO:03501260,sewing table,manufactured product,A manufactured product consisting of a table or desk used for sewing.,https://en.wikipedia.org/wiki/Sewing_table,,,,sewing desk,work table,,,,,,2021-03-15T04:00:01.750Z,https://orcid.org/0000-0002-8395-2570
ENVO:03501261,wheel,manufactured product,A manufactured product consisting of a  disk-shaped material that rotates around an axle bearing placed through a hole in its center.,https://en.wikipedia.org/wiki/Wheel,,,,,,,,,,,2021-03-15T04:00:01.750Z,https://orcid.org/0000-0002-8395-2570
ENVO:03501262,tray,manufactured product,A manufactured product consisting of a  shallow platform designed for the carrying of items.,https://en.wikipedia.org/wiki/Tray,,,,,,,,,,,2021-03-15T04:00:01.750Z,https://orcid.org/0000-0002-8395-2570
ENVO:03501263,hand tool,device,A device which extends the ability of an individual to modify features of the surrounding environment.,https://en.wikipedia.org/wiki/Tool,,,,,,,,,,,2021-03-15T04:00:01.750Z,https://orcid.org/0000-0002-8395-2570
ENVO:03501264,squeegee,hand tool,"A tool with a flat, smooth rubber blade, used to remove or control the flow of liquid on a flat surface.",https://en.wikipedia.org/wiki/Squeegee,,,,squilgee,,,,,,,2021-03-15T04:00:01.750Z,https://orcid.org/0000-0002-8395-2570
ENVO:03501265,public toilet,indoor toilet,An indoor toilet that is available for public use.,https://en.wikipedia.org/wiki/Public_toilet,,,,,,,,,,,2021-03-15T04:00:01.750Z,https://orcid.org/0000-0002-8395-2570
ENVO:03501266,pump,device,"A device that moves fluids (liquids or gases), or sometimes slurries, by mechanical action.",https://en.wikipedia.org/wiki/Pump,,,,,,,,,,,2021-03-15T04:00:01.750Z,https://orcid.org/0000-0002-8395-2570
ENVO:03501267,peeler,hand tool,"A hand tool used to remove the outer layer of vegetables and fruit, consisting of a handle attached to a metal blade with a slot with a sharp edge.",https://en.wikipedia.org/wiki/Peeler,,,,vegetable scraper,,,,,,,2021-03-15T04:00:01.750Z,https://orcid.org/0000-0002-8395-2570
ENVO:03501268,pallet,manufactured product,A manufactured product which is a flat transport structure that supports goods in a stable fashion while being lifted and/or moved.,https://en.wikipedia.org/wiki/Pallet,,,,skid,,,,,,,2021-03-15T04:00:01.750Z,https://orcid.org/0000-0002-8395-2570
ENVO:03501269,packaging machine,device,A device used in packaging operations.,https://en.wikipedia.org/wiki/Packaging_machinery,,,,,,packing machine,,,,,2021-03-15T04:00:01.750Z,https://orcid.org/0000-0002-8395-2570
ENVO:03501270,chapter house,building,"A building or room that is part of a cathedral, monastery or collegiate church, in which larger meetings are held.",https://en.wikipedia.org/wiki/Chapter_house,,,,chapterhouse,,,,,,,2021-03-15T04:00:01.750Z,https://orcid.org/0000-0002-3467-1406
ENVO:03501271,Kaaba,building,"A building which is at the center of Islam's most important mosque, the Great Mosque of Mecca.",https://en.wikipedia.org/wiki/Kaaba,,,,,,,,,,,2021-03-15T04:00:01.750Z,https://orcid.org/0000-0002-3467-1406
ENVO:03501272,mosque,building,A building which is a place of worship for Muslims.,https://en.wikipedia.org/wiki/Mosque,,,,masjid,,,,,,,2021-03-15T04:00:01.750Z,https://orcid.org/0000-0002-3467-1406
ENVO:03501273,listed building,building,"A building that has been placed on one of the four statutory lists maintained by Historic England in England, Historic Environment Scotland in Scotland, Cadw in Wales, and the Northern Ireland Environment Agency in Northern Ireland.",https://en.wikipedia.org/wiki/Listed_building,,,,listed structure|protected structure,,,,,,,2021-03-15T04:00:01.750Z,https://orcid.org/0000-0002-3467-1406
ENVO:03501274,bunkhouse,residential building,A residential building containing bunks or beds which are often not separated by walls.,https://en.wikipedia.org/wiki/Bunkhouse,,,,,,,,,,,2021-03-15T04:00:01.750Z,https://orcid.org/0000-0002-3467-1406
ENVO:03501275,corn exchange,commercial building,A commercial building where merchants trade grains.,https://en.wikipedia.org/wiki/Corn_exchange,,,,grain exchange,,,,,,,2021-03-15T04:00:01.750Z,https://orcid.org/0000-0002-3467-1406
ENVO:03501276,oast house,commercial building,A commercial building designed for kilning (drying) hops.,https://en.wikipedia.org/wiki/Oast_house,,,,oast|hop kiln,,,,,,,2021-03-15T04:00:01.750Z,https://orcid.org/0000-0002-3467-1406
ENVO:03501277,orangery,building,"A building that formed a very large fruit tree green house, or conservatory, on the grounds of fashionable residences from the 17th to the 19th centuries.",https://en.wikipedia.org/wiki/Orangery,,,,orangerie,,,,,,,2021-03-15T04:00:01.750Z,https://orcid.org/0000-0002-3467-1406
ENVO:03501278,skyscraper,building,A building which historically has at least 10 floors.,https://en.wikipedia.org/wiki/Skyscraper,,,,,,,,,,,2021-03-15T04:00:01.750Z,https://orcid.org/0000-0002-3467-1406
ENVO:03501279,tenement,residential building,"A residential building shared by multiple dwellings, typically with flats or apartments on each floor and with shared entrance stairway access.",https://en.wikipedia.org/wiki/Tenement,,,,,,,,,,,2021-03-15T04:00:01.750Z,https://orcid.org/0000-0002-3467-1406
ENVO:03501280,mausoleum,public building,"A public building constructed as a external, free-standing monument enclosing the interment space or burial chamber of a deceased person or people.",https://en.wikipedia.org/wiki/Mausoleum,,,,,,,,,,,2021-03-15T04:00:01.750Z,https://orcid.org/0000-0002-3467-1406
ENVO:03501281,bowling alley,sports facility,A sports facility where bowling is played.,https://en.wikipedia.org/wiki/Bowling_alley,,,,bowling center|bowling lounge|bowling arena,,,,,,,2021-03-15T04:00:01.750Z,https://orcid.org/0000-0002-3467-1406
ENVO:03501282,hangar,transport feature,A transport feature consisting of a closed building structure to hold aircraft or spacecraft.,https://en.wikipedia.org/wiki/Hangar,,,,,,,,,,,2021-03-15T04:00:01.750Z,https://orcid.org/0000-0002-3467-1406
ENVO:03501283,conveyor belt,device,A device consisting of a continuous flexible band moved by a series of rollers to transport objects or material from one place to another.,https://en.wiktionary.org/wiki/conveyor_belt#English,,,,belt conveyor,conveyor|belt conveyor system,,,,,,2021-03-15T04:00:01.750Z,https://orcid.org/0000-0002-9578-0788
ENVO:03501284,dryer,device,A device designed to remove water or humidity.,https://en.wiktionary.org/wiki/dryer,,,,,,,,,,,2021-03-15T04:00:01.750Z,https://orcid.org/0000-0002-9578-0788
ENVO:03501285,clothes dryer,dryer,A dryer that is used to remove moisture from textiles.,https://en.wikipedia.org/wiki/Clothes_dryer,,,,tumble dryer,,,,,,,2021-03-15T04:00:01.750Z,https://orcid.org/0000-0002-9578-0788
ENVO:03501286,calf shed,cow shed,A cow shed for baby cows/bulls.,,,,,calf house|calf-rearing shed|calfshed,,,,,,,2021-03-15T04:00:01.750Z,https://orcid.org/0000-0002-9578-0788
ENVO:03501287,livestock house,animal house,An animal house used for housing livestock.,http://www.fao.org/3/i2433e/i2433e07.pdf,,,,livestock structure|livestock shelter,,,,,,,2021-03-15T04:00:01.750Z,https://orcid.org/0000-0002-9578-0788
ENVO:03501288,facility,human construction,A human construction specially designed for a specific purpose.,https://en.wiktionary.org/wiki/facility,,,,,,,,,,,2021-03-15T04:00:01.750Z,https://orcid.org/0000-0002-9578-0788
ENVO:03501289,wrench,hand tool,A hand tool for making rotational adjustments.,https://en.wiktionary.org/wiki/wrench,,,,spanner,,,,,,,2021-03-15T04:00:01.750Z,https://orcid.org/0000-0002-9578-0788
ENVO:03501290,supermarket,food shop,"A self-service shop offering a wide variety of food, beverages and household products, organized into sections.",https://en.wikipedia.org/wiki/Supermarket,,,,,,,,,,,2021-03-15T04:00:01.750Z,https://orcid.org/0000-0002-9578-0788
ENVO:03501291,broiler,device,A part of an oven or a small stove used to broil food.,https://en.wiktionary.org/wiki/broiler,,,,grill,,,,,,,2021-03-15T04:00:01.750Z,https://orcid.org/0000-0002-9578-0788
ENVO:03501292,tote bin,manufactured product,"A portable, box-type industrial storage product used for the storage and handling or parts and materials, that may collapse to conserve space when not in use.",https://www.globalspec.com/learnmore/material_handling_packaging_equipment/material_handling_equipment/totes_bins,,,,tote box,tote|storage bin|storage box,,,,,,2021-03-15T04:00:01.750Z,https://orcid.org/0000-0002-9578-0788
ENVO:03501293,tote bag,manufactured product,A large bag with parallel handles that emerge from the sides of its pouch.,https://en.wikipedia.org/wiki/Tote_bag,,,,,tote|bag,,,,,,2021-03-15T04:00:01.750Z,https://orcid.org/0000-0002-9578-0788
ENVO:03501294,preprocessing plant,factory,A factory where raw or preprocessed materials are transformed into finished parts or products.,ENVO,,,,preprocessing factory,,,,,,,2021-03-15T04:00:01.750Z,https://orcid.org/0000-0002-9578-0788
ENVO:03501295,processing plant,factory,A factory where raw materials are treated or prepared for final processing.,https://www.collinsdictionary.com/dictionary/english/processing-plant,,,,processing factory,,,,,,,2021-03-15T04:00:01.750Z,https://orcid.org/0000-0002-9578-0788
ENVO:03501296,cheese processing plant,processing plant,"A factory for processing, packaging, labelling, handling, and storing cheese.",,,,,cheese plant|cheese factory,,,,,,,2021-03-15T04:00:01.750Z,https://orcid.org/0000-0002-9578-0788
ENVO:03501297,meat processing plant,processing plant,"A factory for slaughtering, processing, packaging, labelling, handling, and storing of food animal carcasses, parts of carcasses, and meat products.",https://www.ontario.ca/document/meat-plant-guidelines/part-6-operation-meat-plants,,,,meat plant|meat factory,,slaughterhouse|slaughter plant|butchery|abattoir|meat packaging plant|packinghouse|freezing works,,,,,2021-03-15T04:00:01.750Z,https://orcid.org/0000-0002-9578-0788
ENVO:03501298,stable bandage,,A bandage wrap used on the lower legs of a horse. ,https://en.wikipedia.org/wiki/Stable_bandage,"A stable bandage runs from just below the knee or hock, to the bottom of the fetlock joint, and protects the cannon bone, tendons of the lower leg, and fetlock joint.",,,standing wrap,stable bandage|standing bandage,stable gauze|stall gauze,,,,,2021-03-15T04:00:01.750Z,https://orcid.org/0000-0002-9578-0788
ENVO:03501299,charcuterie shop,delicatessen,A delicatessen-style shop that prepares and sells preserved meat products.,ENVO,,,,,charcuterie,,,,,,2021-03-15T04:00:01.750Z,https://orcid.org/0000-0002-9578-0788
ENVO:03501300,manure,environmental material,An environmental material consisting of organic matter from plants and/or animals that is used in agriculture as fertilizer.,https://en.wikipedia.org/wiki/Manure,Most manure consists of animal feces; other sources include compost and green manure.,,,manure,,animal manure|compost|green manure|farm slurry|liquid manure,,,,,2021-03-15T04:00:01.750Z,https://orcid.org/0000-0002-9578-0788
ENVO:03501301,baseboard,building part,A building part consisting of a board covering the joint between the lowest part of an interior wall surface and the floor.,https://en.wikipedia.org/wiki/Baseboard,Its purpose is to cover the joint between the wall surface and the floor.,,,,,,,,,,2021-03-15T04:00:01.750Z,https://orcid.org/0000-0002-9578-0788
ENVO:03501302,cork (FOODON:03500046),plant matter,"Plant matter consisting of an impermeable buoyant material, the phellem layer of bark tissue.",https://en.wikipedia.org/wiki/Cork_(material),,,,,,,,,,,2021-03-15T04:00:01.750Z,https://orcid.org/0000-0001-5275-8866
ENVO:03501303,natural-based polymers (FOODON:03500057),macromolecule,Macromolecules that are obtained naturally from plants or animals.,https://www.sciencedirect.com/topics/materials-science/natural-polymer,,,,,,,,,,,2021-03-15T04:00:01.750Z,https://orcid.org/0000-0001-5275-8871
ENVO:03501324,latex (FOODON:03500054),anthropogenic environmental material,A stable dispersion (emulsion) of polymer microparticles in an aqueous medium.,https://en.wikipedia.org/wiki/Latex,"Latex is made by some plants, but synthetic latexes can be manufactured as well.",,,"Natural rubber, India rubber, Gum elastic, Non-vulcanized rubber",,,,,,,2021-03-15T04:00:01.750Z,https://orcid.org/0000-0001-5275-8870
ENVO:03501304,cellophane (FOODON:03500031),organic material,"A thin, transparent sheet made of regenerated cellulose.",https://en.wikipedia.org/wiki/Cellophane,Cellophane is used for food packaging.,,,,Plastic Wrap ,,,,,,2021-03-15T04:00:01.750Z,https://orcid.org/0000-0002-8844-9165
ENVO:03501305,pliofilm (FOODON:03500032),manufactured plastic,Manufactured plastic consisting of a glossy moistureproof membrane made of rubber hydrochloride.,https://www.merriam-webster.com/dictionary/Pliofilm,,,,,,,,,,,2021-03-15T04:00:01.750Z,https://orcid.org/0000-0001-5275-8870
ENVO:03501306,mylar (FOODON:03500026),polyester macromolecule,A polyester film made from stretched polyethylene terephthalate (PET).,https://en.wikipedia.org/wiki/BoPET,,,,BoPET (Biaxially-oriented polyethylene terephthalate),,,,,,,2021-03-15T04:00:01.750Z,https://orcid.org/0000-0001-5275-8870
ENVO:03501307,ceramic (FOODON:03500038),solid environmental material,"A solid environmental material that is hard, brittle, heat-resistant and corrosion-resistant, made by shaping and then firing a nonmetallic mineral at a high temperature.",https://en.wikipedia.org/wiki/Ceramic,,,,,,,,,,,2021-03-15T04:00:01.750Z,https://orcid.org/0000-0001-5275-8870
ENVO:03501308,steel (FOODON:03500044),metallic material,A metallic material which is an alloy of iron with a few percent of carbon.,https://en.wikipedia.org/wiki/Steel,,,,,Alloy,,,,,,2021-03-15T04:00:01.750Z,https://orcid.org/0000-0001-5275-8870
,MIxS food package - food production facility,,,,,,,,,,,,,,,
ENVO:03501311,environmental monitoring area,environmental system,An environmental system where environmental monitoring processes are in effect.,,,,,,,,,,,,2021-03-15T04:00:01.750Z,https://orcid.org/0000-0002-5192-7047
ENVO:03501312,environmental monitoring program area,environmental monitoring area,An environmental monitoring area which is under observation by humans belonging to organisations with a legislative mandate to monitor the area.,,,,,,,,,,,,2021-03-15T04:00:01.750Z,https://orcid.org/0000-0002-5192-7047
ENVO:03501313,food production environmental monitoring zone,environmental monitoring program area,An environmental monitoring program area within a food production facility.,https://www.fda.gov/media/102633/download,,,,,,,,,,,2021-03-15T04:00:01.750Z,https://orcid.org/0000-0002-5192-7047
ENVO:03501314,food production environmental monitoring zone 1,object aggregate,An object aggregate which comprises objects whose surfaces are in contact with food during its processing in a food production facility,https://www.fda.gov/media/102633/download,"This can be axiomatised with ""'has part' min 1 'food contact surface'"" . This can also have the axiom ""'part of' some 'food production environmental monitoring zone'""",,,,Zone 1|environmental monitoring zone 1,,,,,'part of' some 'food production environmental monitoring zone',2021-03-15T04:00:01.750Z,https://orcid.org/0000-0002-5192-7047
ENVO:03501315,food production environmental monitoring zone 2,object aggregate,"An object aggregate which comprises objects whose surfaces are not in contact with food during its processing, but which are in close proximity to those in food production environmental monitoring zone 1. ",https://www.fda.gov/media/102633/download,"This can be axiomatised with ""'has part' min 1 'food contact surface'"" . This can also have the axiom ""'part of' some 'food production environmental monitoring zone'"". The threshold for ""close proximity"" can vary based on local or national legislation. 'adjacent to' axioms may also be used for neighbouring zones.",,,,Zone 2,,,,,'part of' some 'food production environmental monitoring zone',2021-03-15T04:00:01.750Z,https://orcid.org/0000-0002-5192-7047
ENVO:03501316,food production environmental monitoring zone 3,object aggregate,"An object aggregate which comprises a facility's set of more remote non-food-processing-contact surfaces that are in or near the processing areas (food productions environmental monitoring zones 1 and 2) and could lead to their contamination, especially through human movement.",https://www.fda.gov/media/102633/download,"This can be axiomatised with ""'has part' min 1 'food contact surface'"" . This can also have the axiom ""'part of' some 'food production environmental monitoring zone'"". The threshold for ""close proximity"" can vary based on local or national legislation. 'adjacent to' axioms may also be used for neighbouring zones.",,,,Zone 3,,,,,'part of' some 'food production environmental monitoring zone',2021-03-15T04:00:01.750Z,https://orcid.org/0000-0002-5192-7047
ENVO:03501317,food production environmental monitoring zone 4,object aggregate,An object aggregate which comprises objects in proximity to food production environmental monitoring zone 3.,https://www.fda.gov/media/102633/download,"This can be axiomatised with ""'has part' min 1 'food contact surface'"" . This can also have the axiom ""'part of' some 'food production environmental monitoring zone'"". The threshold for ""close proximity"" can vary based on local or national legislation. 'adjacent to' axioms may also be used for neighbouring zones.",,,,Zone 4,,,,,'part of' some 'food production environmental monitoring zone',2021-03-15T04:00:01.750Z,https://orcid.org/0000-0002-5192-7047
ENVO:03501318,hygienic food production area,environmental system,An environmental system which is part of a food production facility and whose boundaries are defined by hygienic requirements.,https://doi.org/10.1016/B978-1-78242-447-5.00004-6,"This class is more a convenience grouping class, but can be axiomatised if a hygienic assessment process is completed.",,,,hygienic zone,,,,,,2021-03-15T04:00:01.750Z,https://orcid.org/0000-0002-5192-7047
ENVO:03501319,food prossessing non-production area,hygienic food production area,A hygienic food production area which is not an immediate part of a food manufacturing process area.,https://doi.org/10.1016/B978-1-78242-447-5.00004-6,,,,,,,,,,,2021-03-15T04:00:01.750Z,https://orcid.org/0000-0002-5192-7047
ENVO:03501320,food production low-risk contamination area,hygienic food production area,A hygienic food production area containing products having a low risk of contamination.,https://doi.org/10.1016/B978-1-78242-447-5.00004-6,"This class includes manufacturing areas in which raw materials and/or finished products (within their primary packaging) and packaging/labeling materials are received, sampled, or stored prior to dispatch.",,,,,,,,,,2021-03-15T04:00:01.750Z,https://orcid.org/0000-0002-5192-7047
ENVO:03501321,food production medium-risk contamination area,hygienic food production area,A hygienic food production area in which general food processing occurs. ,https://doi.org/10.1016/B978-1-78242-447-5.00004-6,"This class includes areas in which raw materials are received, sorted, and sampled; areas within the plant where products susceptible to contamination and/or microbial growth are processed, treated, or handled; areas in which animal carcasses are cut into fresh meat products and areas in which vegetables and produce are packed. Food processing that prepares products for cooking by the consumer (e.g., raw meats, fish, and vegetables) or produces RTE products that are effectively preserved (e.g., canned or baked products) will require procesing in medium-risk hygiene areas.",,,,,,,,,,2021-03-15T04:00:01.750Z,https://orcid.org/0000-0002-5192-7047
ENVO:03501322,food production high-risk contamination area,hygienic food production area,"A hygienic food production area containing food products that are not subjected to subsequent microbial decontamination, and where there is a risk of pathogen or microbial spoilage growth.",https://doi.org/10.1016/B978-1-78242-447-5.00004-6,,,,,,,,,,,2021-03-15T04:00:01.750Z,https://orcid.org/0000-0002-5192-7047
,,,,,,,,,,,,,,,,
,,,,,,,,,,,,,,,,
ENVO:03501326,bottle,container,"A container which is typically made of glass or plastic and having a tapered neck, used primarily for holding liquids.",https://en.wiktionary.org/wiki/bottle,,,,,,,,,,,2021-03-15T04:00:01.750Z,https://orcid.org/0000-0002-8844-9165
ENVO:03501327,utensil,hand tool,"A hand tool for domestic use, especially in the kitchen.",https://en.wiktionary.org/wiki/utensil,,,,,,,,,,,2021-03-15T04:00:01.750Z,https://orcid.org/0000-0002-8844-9165
ENVO:03501353,eating utensil,utensil,A utensil used for consuming food.,https://en.wikipedia.org/wiki/List_of_eating_utensils,,,,,,cutlery utensil,,,,,2021-03-15T04:00:01.750Z,https://orcid.org/0000-0002-8844-9165
ENVO:03501328,fork,eating utensil,"An eating utensil with spikes used to put solid food into the mouth, or to hold food down while cutting.",https://en.wiktionary.org/wiki/fork,,,,,,,,,,,2021-03-15T04:00:01.750Z,https://orcid.org/0000-0002-8844-9165
ENVO:03501329,spoon,eating utensil,An eating utensil with a scooped end and a long handle.,https://en.wiktionary.org/wiki/spoon,,,,,,,,,,,2021-03-15T04:00:01.750Z,https://orcid.org/0000-0002-8844-9165
ENVO:03501346,chopstick,eating utensil,An eating utensil which is a thin stick used in equal length pairs to manipulate food and bring it into a mouth.,https://en.wikipedia.org/wiki/Chopsticks,,,,,,,,,,,2021-03-15T04:00:01.750Z,https://orcid.org/0000-0002-8844-9165
ENVO:03501330,cup,utensil,A utensil which is a hand-sized container with an open top.,https://en.wikipedia.org/wiki/Cup,"A cup may be used to hold liquids for pouring or drinking, or to store solids for pouring.",,,,,,,,,,2021-03-15T04:00:01.750Z,https://orcid.org/0000-0002-8844-9165
ENVO:03501331,healthcare environment,anthropogenic environment,An anthropogenic environment which is bounded by a healthcare facility in which health care services are provided by specialized staff and equipment.,,,,,,,,,,,'has part' some 'healthcare facility',2021-03-15T04:00:01.750Z,https://orcid.org/0000-0002-9578-0788
ENVO:03501332,occupational environment,anthropogenic environment,An anthropogenic environment which is the product of a particular human occupational acitivity.,,,,,work environment,,,,,,,2021-03-15T04:00:01.750Z,https://orcid.org/0000-0002-9578-0788
ENVO:03501101,outdoor environment,environmental system,An environmental system which is not sheltered.,,,,,,,,,,,,2021-03-15T04:00:01.750Z,https://orcid.org/0000-0002-9578-0788
ENVO:03501323,residential environment,anthropogenic environment,An anthropogenic environment which provides long-term shelter for its inhabitants.,,,,,,,,,,,'has part' some 'residential building',2021-03-15T04:00:01.750Z,https://orcid.org/0000-0002-9578-0788
ENVO:03501333,child care environment,anthropogenic environment,An anthropogenic environment which is designed for child care.,,,,,childcare environment,,day care environment|daycare environment,,,,'has part' some 'day care building',2021-03-15T04:00:01.750Z,https://orcid.org/0000-0002-9578-0788
ENVO:03501334,child care facility,human construction,A human construction in which child care services are provided to a human child by specialized staff and equipment.,https://en.wikipedia.org/wiki/Child_care,,,,childcare facility,,day care facility|daycare facility,,,,,2021-03-15T04:00:01.750Z,https://orcid.org/0000-0002-9578-0788
ENVO:03501335,day care facility,human construction,"A child care facility in which day care services are provided, by specialized staff and equipment, to a human child during the working day.",,,,,daycare|day care facility|daycare facility,,,,,,'has part' some 'day care building',2021-03-15T04:00:01.750Z,https://orcid.org/0000-0002-9578-0788
ENVO:03501336,place of worship,human construction,"A human construction in which individuals or a group of people such as a congregation come to perform acts of devotion, veneration, or religious study.",https://en.wikipedia.org/wiki/Place_of_worship,,,, ,,,,,,,2021-03-15T04:00:01.750Z,https://orcid.org/0000-0002-9578-0788
ENVO:03501337,temple,building|place of worship,A building reserved in which religious or spiritual rituals and activities such as prayer and sacrifice are performed.,https://en.wikipedia.org/wiki/Temple,"""The term typically used for such buildings belonging to all faiths where a more specific term such as church, mosque or synagogue is not generally used in English."" [Wikipedia]",,,,,,,,,,2021-03-15T04:00:01.750Z,https://orcid.org/0000-0002-9578-0788
ENVO:03501338,human nursery,child care facility,A child care facility in which child care services are provided to young children and babies.,,,,,,,,,,,,2021-03-15T04:00:01.750Z,https://orcid.org/0000-0002-9578-0788
ENVO:03501339,household environment,anthropogenic environment,An anthropogenic environment which is bounded by a human dwelling.,,,,,,,,,,,'has part' some 'human dwelling',2021-03-15T04:00:01.750Z,https://orcid.org/0000-0002-9578-0788
ENVO:03501340,community service centre,public building,"A public building in which health, recreation or other public services to a local community are provided.",,,,,,,,,,,,2021-03-15T04:00:01.750Z,https://orcid.org/0000-0002-9578-0788
ENVO:03501341,community health centre,healthcare facility,A healthcare facility which is used by a group of general practitioners and nurses to provide healthcare services to people in a certain area.,https://en.wikipedia.org/wiki/Community_health_center,,,,healthcare center|health center,,cottage hospital,,,,,2021-03-15T04:00:01.750Z,https://orcid.org/0000-0002-9578-0788
ENVO:03501342,dormitory,room,A room which contains 1) a number of beds for sleeping and 2) often some other furniture and/or residential utilities.,https://en.wiktionary.org/wiki/dormitory,A dormitory is often used to describe student and backpacker accommodation of this kind.,,,,,,,,,'part of' some 'residential building',2021-03-15T04:00:01.750Z,https://orcid.org/0000-0002-9578-0788
ENVO:03501343,first nations reserve,political entity,"A political entity which is defined by contract between the Canadian state (""the Crown"") and a First Nations people. ",https://en.wikipedia.org/wiki/Indian_reserve,"""[First Nations reserves] are not to be confused with land claims areas, which involve all of that First Nations' traditional lands: a much larger territory than any other reserve."" [Wikipedia]",,,,,,,,,,2021-03-15T04:00:01.750Z,https://orcid.org/0000-0002-9578-0788
ENVO:03501348,veterinary facility,healthcare facility,A healthcare facility which is used to provide healthcare services to animals.,,,,,,,,,,,,2021-03-15T04:00:01.750Z,https://orcid.org/0000-0002-9578-0788
ENVO:03501347,hotel,building,A building which 1) containing multiple dwellings of pre-furnished accomodation and 2) is rented on a short term and/or longer-term basis.,,,,,,,,,,,,2021-03-15T04:00:01.750Z,https://orcid.org/0000-0002-9578-0788
ENVO:03501349,airplane,aircraft,"An aircraft which 1) has fixed wings and 2) is propelled by a thrust from a jet engine, propeller, or rocket engine.",https://en.wikipedia.org/wiki/Airplane,,,,plane,,,,,,,2021-03-15T04:00:01.750Z,https://orcid.org/0000-0002-9578-0788
ENVO:03501351,ground transport,constructed transport system,"A constructed transport system which is designed to transport people or objects over land, but not water or air.",,,,,,,,,,,,2021-03-15T04:00:01.750Z,https://orcid.org/0000-0002-9578-0788
ENVO:03501344,insecure housing,human dwelling,"A human dwelling which may be unsustainable over the long term for an inhabitant because of financial, livability, overcrowding or other factors.",https://www.healthypeople.gov/2020/topics-objectives/topic/social-determinants-health/interventions-resources/housing-instability,,,,,,,,,,,2021-03-15T04:00:01.750Z,https://orcid.org/0000-0002-9578-0788
ENVO:03501345,temporary residence,human dwelling,A human dwelling which is provided to one or more persons on a short-term basis.,,,,,,,,,,,,2021-03-15T04:00:01.750Z,https://orcid.org/0000-0002-9578-0788
ENVO:03501352,animal rescue shelter,animal house,"An animal house which houses stray, lost, abandoned or surrendered animals.",https://en.wikipedia.org/wiki/Animal_shelter,An animal rescue shelter typically houses mostly dogs and cats.,,,animal shelter | pound,,,,,,,2021-03-15T04:00:01.750Z,https://orcid.org/0000-0002-9578-0788
ENVO:03501350,physician office,healthcare facility,A healthcare facility which is the office of a physician.,https://en.wikipedia.org/wiki/Doctor's_office,,,,doctor's office | doctor's surgery | doctor's practice,,,,,,,2021-03-15T04:00:01.750Z,https://orcid.org/0000-0002-9578-0788
ENVO:03501223,,,,,,,,,canteen,,,,,,,
ENVO:01000927,,,,,,,,daycare building,,,,,,,,https://orcid.org/0000-0002-1107-9135
ENVO:01000970,,,,,,,,deli,,,,,,,,https://orcid.org/0000-0002-9578-0788
ENVO:00000023,,,,,,,,,,streamlet,,,,,,https://orcid.org/0000-0002-9578-0788
ENVO:01001406,,,,,,,,research laboratory,,,,,,,,https://orcid.org/0000-0002-9578-0788
ENVO:00003041,,,,,,,,cattle shed|cowshed|cow barn|cowhouse|cow house|byre,,milking shed,,,,,,https://orcid.org/0000-0002-9578-0788
ENVO:00000482,,,,,,,,ocean floor|seabed,,,,,,,,https://orcid.org/0000-0002-8395-2570
